ImageId,ImageDescription,ImageUrl
1,Person1,https://raw.githubusercontent.com/BlueGranite/CortanaIntelligenceLabs/master/Images/Person1.jpg
2,Person2,https://raw.githubusercontent.com/BlueGranite/CortanaIntelligenceLabs/master/Images/Person2.jpg
3,Person3,https://raw.githubusercontent.com/BlueGranite/CortanaIntelligenceLabs/master/Images/Person3.jpg
4,Person4,https://raw.githubusercontent.com/BlueGranite/CortanaIntelligenceLabs/master/Images/Person4.jpg
5,Person5,https://raw.githubusercontent.com/BlueGranite/CortanaIntelligenceLabs/master/Images/Person5.jpg
6,Person6,https://raw.githubusercontent.com/BlueGranite/CortanaIntelligenceLabs/master/Images/Person6.jpg
7,Person7,https://raw.githubusercontent.com/BlueGranite/CortanaIntelligenceLabs/master/Images/Person7.jpg
8,Person8,https://raw.githubusercontent.com/BlueGranite/CortanaIntelligenceLabs/master/Images/Person8.jpg
9,Person9,https://raw.githubusercontent.com/BlueGranite/CortanaIntelligenceLabs/master/Images/Person9.jpg
10,Person10,https://raw.githubusercontent.com/BlueGranite/CortanaIntelligenceLabs/master/Images/Person10.jpg
11,Person11,https://raw.githubusercontent.com/BlueGranite/CortanaIntelligenceLabs/master/Images/Person11.jpg
12,Person12,https://raw.githubusercontent.com/BlueGranite/CortanaIntelligenceLabs/master/Images/Person12.jpg
13,Person13,https://raw.githubusercontent.com/BlueGranite/CortanaIntelligenceLabs/master/Images/Person13.jpg
14,Person14,https://raw.githubusercontent.com/BlueGranite/CortanaIntelligenceLabs/master/Images/Person14.jpg
15,Person15,https://raw.githubusercontent.com/BlueGranite/CortanaIntelligenceLabs/master/Images/Person15.jpg
16,Person16,https://raw.githubusercontent.com/BlueGranite/CortanaIntelligenceLabs/master/Images/Person16.jpg
